Username;Attempt_number;Screen_resolution;Pattern_number_A;Pattern_number_B;Xcoord_of_central_Point_of_A;Ycoord_of_central_Point_of_A;Xcoord_of_central_Point_of_B;Ycoord_of_central_Point_of_B;First_Xcoord_of_A;First_Ycoord_of_A;Last_ Xcoord_of_B;Last_Ycoord_of_B;Distance_AB;Intertime_AB;Avg_speeadAB;Avg_pressure
Vicky;13;1920, 1080;0;3;420.0;420.0;420.0;1260.0;781.2998;1345.7875;915.8725;1369.8975;136.71540169355566;782897917;-3.773954248383E14;19.0
Vicky;13;1920, 1080;3;6;420.0;1260.0;420.0;2100.0;781.2998;1345.7875;915.8725;1369.8975;136.71540169355566;782897917;-3.773954248383E14;21.0
Vicky;13;1920, 1080;6;7;420.0;2100.0;1260.0;2100.0;781.2998;1345.7875;915.8725;1369.8975;136.71540169355566;782897917;-3.773954248383E14;21.0
Vicky;13;1920, 1080;7;8;1260.0;2100.0;2100.0;2100.0;781.2998;1345.7875;915.8725;1369.8975;136.71540169355566;782897917;-3.773954248383E14;18.0
