Username;Attempt_number;Screen_resolution;Pattern_number_A;Pattern_number_B;Xcoord_of_central_Point_of_A;Ycoord_of_central_Point_of_A;Xcoord_of_central_Point_of_B;Ycoord_of_central_Point_of_B;First_Xcoord_of_A;First_Ycoord_of_A;Last_ Xcoord_of_B;Last_Ycoord_of_B;Distance_AB;Intertime_AB;Avg_speeadAB;Avg_pressure
Vicky;3;1920, 1080;0;3;420.0;420.0;420.0;1260.0;762.89056;1354.9076;870.0;1368.0;107.90663749165468;872708073;-3.77349790262849E14;5.0
Vicky;3;1920, 1080;3;6;420.0;1260.0;420.0;2100.0;762.89056;1354.9076;870.0;1368.0;107.90663749165468;872708073;-3.77349790262849E14;4.0
Vicky;3;1920, 1080;6;7;420.0;2100.0;1260.0;2100.0;762.89056;1354.9076;870.0;1368.0;107.90663749165468;872708073;-3.77349790262849E14;3.0
Vicky;3;1920, 1080;7;8;1260.0;2100.0;2100.0;2100.0;762.89056;1354.9076;870.0;1368.0;107.90663749165468;872708073;-3.77349790262849E14;3.0
