Username;Attempt_number;Screen_resolution;Pattern_number_A;Pattern_number_B;Xcoord_of_central_Point_of_A;Ycoord_of_central_Point_of_A;Xcoord_of_central_Point_of_B;Ycoord_of_central_Point_of_B;First_Xcoord_of_A;First_Ycoord_of_A;Last_ Xcoord_of_B;Last_Ycoord_of_B;Distance_AB;Intertime_AB;Avg_speeadAB;Avg_pressure
Vicky;2;1920, 1080;0;1;420.0;420.0;1260.0;420.0;851.0;1294.2218;849.0;1348.9274;54.74211354915545;1061353333;-3.77347784621391E14;4.0
Vicky;2;1920, 1080;1;2;1260.0;420.0;2100.0;420.0;851.0;1294.2218;849.0;1348.9274;54.74211354915545;1061353333;-3.77347784621391E14;4.0
Vicky;2;1920, 1080;2;5;2100.0;420.0;2100.0;1260.0;851.0;1294.2218;849.0;1348.9274;54.74211354915545;1061353333;-3.77347784621391E14;3.0
Vicky;2;1920, 1080;5;8;2100.0;1260.0;2100.0;2100.0;851.0;1294.2218;849.0;1348.9274;54.74211354915545;1061353333;-3.77347784621391E14;2.0
