Username;Attempt_number;Screen_resolution;Pattern_number_A;Pattern_number_B;Xcoord_of_central_Point_of_A;Ycoord_of_central_Point_of_A;Xcoord_of_central_Point_of_B;Ycoord_of_central_Point_of_B;First_Xcoord_of_A;First_Ycoord_of_A;Last_ Xcoord_of_B;Last_Ycoord_of_B;Distance_AB;Intertime_AB;Avg_speeadAB;Avg_pressure
Vicky;4;1920, 1080;2;5;2100.0;420.0;2100.0;1260.0;311.42896;1342.0894;187.34055;1329.0851;124.76796245660941;816526667;-3.77351365177275E14;5.0
Vicky;4;1920, 1080;5;8;2100.0;1260.0;2100.0;2100.0;311.42896;1342.0894;187.34055;1329.0851;124.76796245660941;816526667;-3.77351365177275E14;5.0
Vicky;4;1920, 1080;8;7;2100.0;2100.0;1260.0;2100.0;311.42896;1342.0894;187.34055;1329.0851;124.76796245660941;816526667;-3.77351365177275E14;5.0
Vicky;4;1920, 1080;7;6;1260.0;2100.0;420.0;2100.0;311.42896;1342.0894;187.34055;1329.0851;124.76796245660941;816526667;-3.77351365177275E14;5.0
